Code,Name
005930,삼성전자
000660,SK하이닉스
005935,삼성전자우
402340,SK스퀘어
009150,삼성전기
005380,현대차
373220,LG에너지솔루션
207940,삼성바이오로직스
105560,KB금융
032830,삼성생명
028260,삼성물산
055550,신한지주
000270,기아
329180,HD현대중공업
012450,한화에어로스페이스
034020,두산에너빌리티
068270,셀트리온
012330,현대모비스
034730,SK
086790,하나금융지주
035420,NAVER
006400,삼성SDI
000810,삼성화재
010120,LS ELECTRIC
066570,LG전자
267260,HD현대일렉트릭
009540,HD한국조선해양
042660,한화오션
005490,POSCO홀딩스
316140,우리금융지주
298040,효성중공업
015760,한국전력
010130,고려아연
138040,메리츠금융지주
096770,SK이노베이션
011200,HMM
033780,KT&G
006800,미래에셋증권
010140,삼성중공업
017670,SK텔레콤
042700,한미반도체
051910,LG화학
000150,두산
024110,기업은행
196170,알테오젠
035720,카카오
018260,삼성에스디에스
267250,HD현대
079550,LIG디펜스앤에어로스페이스
010950,S-Oil
086280,현대글로비스
003550,LG
047810,한국항공우주
030200,KT
064350,현대로템
278470,에이피알
011070,LG이노텍
003670,포스코퓨처엠
272210,한화시스템
259960,크래프톤
071050,한국금융지주
000720,현대건설
005830,DB손해보험
323410,카카오뱅크
005940,NH투자증권
247540,에코프로비엠
086520,에코프로
307950,현대오토에버
003490,대한항공
0126Z0,삼성에피스홀딩스
003230,삼양식품
047050,포스코인터내셔널
028050,삼성E&A
443060,HD현대마린솔루션
006260,LS
016360,삼성증권
161390,한국타이어앤테크놀로지
352820,하이브
078930,GS
277810,레인보우로보틱스
180640,한진칼
039490,키움증권
090430,아모레퍼시픽
021240,코웨이
005387,현대차2우B
326030,SK바이오팜
032640,LG유플러스
000880,한화
064400,LG씨엔에스
036930,주성엔지니어링
267270,HD건설기계
241560,두산밥캣
377300,카카오페이
000100,유한양행
047040,대우건설
029780,삼성카드
138930,BNK금융지주
007660,이수페타시스
271560,오리온
175330,JB금융지주
001440,대한전선
036570,NC
128940,한미약품
088980,맥쿼리인프라
058470,리노공업
000500,가온전선
353200,대덕전자
034220,LG디스플레이
062040,산일전기
004170,신세계
240810,원익IPS
005385,현대차우
009830,한화솔루션
028300,HLB
454910,두산로보틱스
214450,파마리서치
298380,에이비엘바이오
111770,영원무역
051900,LG생활건강
088350,한화생명
000990,DB하이텍
001040,CJ
319660,피에스케이
082740,한화엔진
011790,SKC
023530,롯데쇼핑
010060,OCI홀딩스
018880,한온시스템
004020,현대제철
052690,한전기술
141080,리가켐바이오
087010,펩트론
039030,이오테크닉스
001450,현대해상
000250,삼천당제약
002380,KCC
483650,달바글로벌
036460,한국가스공사
035250,강원랜드
251270,넷마블
145020,휴젤
214370,케어젠
383220,F&F
066970,엘앤에프
031210,서울보증보험
011780,금호석유화학
222800,심텍
440110,파두
097950,CJ제일제당
214150,클래시스
069960,현대백화점
012750,에스원
022100,포스코DX
028670,팬오션
403870,HPSP
017800,현대엘리베이터
139130,iM금융지주
302440,SK바이오사이언스
108490,로보티즈
103590,일진전기
009970,영원무역홀딩스
026960,동서
095340,ISC
347850,디앤디파마텍
011170,롯데케미칼
003690,코리안리
005850,에스엘
257720,실리콘투
000240,한국앤컴퍼니
095610,테스
009420,한올바이오파마
279570,케이뱅크
081660,미스토홀딩스
161890,한국콜마
004800,효성
319400,현대무벡스
008930,한미사이언스
084370,유진테크
004370,농심
004990,롯데지주
226950,올릭스
450080,에코프로머티
375500,DL이앤씨
001720,신영증권
014680,한솔케미칼
139480,이마트
006360,GS건설
030000,제일기획
310210,보로노이
005440,현대지에프홀딩스
080220,제주반도체
007340,DN오토모티브
282330,BGF리테일
018670,SK가스
178320,서진시스템
263750,펄어비스
192820,코스맥스
237690,에스티팜
007070,GS리테일
031980,피에스케이홀딩스
085620,미래에셋생명
067310,하나마이크론
051600,한전KPS
131290,티에스이
357780,솔브레인
204320,HL만도
489790,한화비전
005290,동진쎄미켐
064760,티씨케이
071970,HD현대마린엔진
002790,아모레퍼시픽홀딩스
008770,호텔신라
140860,파크시스템스
068760,셀트리온제약
462870,시프트업
439260,대한조선
140410,메지온
073240,금호타이어
395400,SK리츠
103140,풍산
000120,CJ대한통운
475150,SK이터닉스
089970,브이엠
098460,고영
041510,에스엠
035900,JYP Ent.
112610,씨에스윈드
457190,이수스페셜티케미컬
032820,우리기술
006040,동원산업
336260,두산퓨얼셀
001800,오리온홀딩스
023590,다우기술
058610,에스피지
120110,코오롱인더
007390,네이처셀
000155,두산우
069620,대웅제약
011210,현대위아
00680K,미래에셋증권2우B
089030,테크윙
060370,LS마린솔루션
001120,LX인터내셔널
290650,엘앤씨바이오
020560,아시아나항공
089860,롯데렌탈
006280,녹십자
001740,SK네트웍스
020150,롯데에너지머티리얼즈
096530,씨젠
298020,효성티앤씨
082920,비츠로셀
294870,IPARK현대산업개발
010170,대한광통신
097230,HJ중공업
415640,KB발해인프라
281820,케이씨텍
0009K0,에임드바이오
131970,두산테스나
192080,더블유게임즈
420770,기가비스
007310,오뚜기
322000,HD현대에너지솔루션
082640,동양생명
950160,코오롱티슈진
083650,비에이치아이
001430,세아베스틸지주
229640,LS에코에너지
012630,HDC
181710,NHN
003540,대신증권
039200,오스코텍
000815,삼성화재우
030530,원익홀딩스
004000,롯데정밀화학
007810,코리아써키트
009155,삼성전기우
127120,제이에스링크
183300,코미코
361610,SK아이이테크놀로지
195940,HK이노엔
043260,성호전자
000080,하이트진로
006340,대원전선
218410,RFHIC
078600,대주전자재료
330590,롯데리츠
003570,SNT다이내믹스
017960,한국카본
005070,코스모신소재
496320,본시스템즈
003380,하림지주
030610,교보증권
300720,한일시멘트
437730,삼현
003090,대웅
066575,LG전자우
458870,씨어스
166090,하나머티리얼즈
475830,오름테라퓨틱
003240,태광산업
000210,DL
185750,종근당
280360,롯데웰푸드
005300,롯데칠성
192400,쿠쿠홀딩스
034230,파라다이스
032350,롯데관광개발
009240,한샘
451800,한화리츠
323280,태성
009450,경동나비엔
031330,에스에이엠티
241710,코스메카코리아
077970,STX엔진
093370,후성
006120,SK디스커버리
051915,LG화학우
491000,리브스메드
003530,한화투자증권
101490,에스앤에스텍
030190,NICE평가정보
365550,ESR켄달스퀘어리츠
003470,유안타증권
293490,카카오게임즈
071055,한국금융지주우
079160,CJ CGV
086450,동국제약
100090,SK오션플랜트
085660,차바이오텍
195870,해성디에스
036530,SNT홀딩스
347700,스피어
214320,이노션
099320,쎄트렉아이
036540,SFA반도체
090710,휴림로봇
137310,에스디바이오센서
122870,와이지엔터테인먼트
038500,삼표시멘트
204270,제이앤티씨
071320,지역난방공사
065350,신성델타테크
417200,LS머트리얼즈
001820,삼화콘덴서
083450,GST
281740,레이크머티리얼즈
499790,GS피앤엘
014620,성광벤드
056190,SFA
213420,덕산네오룩스
388720,유일로보틱스
004490,세방전지
003850,보령
298050,HS효성첨단소재
328130,루닛
041830,인바디
476830,알지노믹스
064960,SNT모티브
252990,샘씨엔에스
033100,제룡전기
035760,CJ ENM
019210,와이지-원
232140,와이씨
388210,씨엠티엑스
032190,다우데이타
093320,케이아이엔엑스
002350,넥센타이어
445680,큐리옥스바이오시스템즈
285130,SK케미칼
137400,피엔티
002960,한국쉘석유
093050,LF
000370,한화손해보험
248070,솔루엠
100790,미래에셋벤처투자
079940,가비아
000400,롯데손해보험
115180,큐리언트
293940,신한알파리츠
001570,금양
253450,스튜디오드래곤
376900,로킷헬스케어
006380,카프로
005180,빙그레
032500,케이엠더블유
000670,영풍
006730,서부T&D
001680,대상
025540,한국단자
074600,원익QnC
189300,인텔리안테크
036830,솔브레인홀딩스
456040,OCI
453340,현대그린푸드
268280,미원에스씨
069260,TKG휴켐스
017940,E1
466100,클로봇
317450,명인제약
006650,대한유화
00088K,한화3우B
000640,동아쏘시오홀딩스
053800,안랩
251970,펌텍코리아
075580,세진중공업
002840,미원상사
005690,파미셀
383800,LX홀딩스
114090,GKL
225570,넥슨게임즈
005090,SGC에너지
399720,가온칩스
014820,동원시스템즈
048410,현대바이오
094170,동운아나텍
090360,로보스타
005880,대한해운
171090,선익시스템
102710,이엔에프테크놀로지
108320,LX세미콘
067160,SOOP
023160,태광
052400,코나아이
161580,필옵틱스
094800,맵스리얼티
010780,아이에스동서
001060,JW중외제약
397030,에이프릴바이오
003620,KG모빌리티
003300,한일홀딩스
178920,PI첨단소재
00104K,CJ4우(전환)
119850,지엔씨에너지
001270,부국증권
037460,삼지전자
086900,메디톡스
007700,F&F홀딩스
490470,세미파이브
045100,한양이엔지
053610,프로텍
050890,쏠리드
003160,디아이
016380,KG스틸
448730,삼성FN리츠
112040,위메이드
222080,SFA넥셀
041960,코미팜
460930,현대힘스
090460,비에이치
100840,SNT에너지
058650,세아홀딩스
358570,지아이이노베이션
439960,코스모로보틱스
001530,DI동일
009410,태영건설
005810,풍산홀딩스
284740,쿠쿠홈시스
099190,아이센스
383310,에코프로에이치엔
044490,태웅
052020,에스티큐브
033500,동성화인텍
101160,월덱스
046890,서울반도체
121600,나노신소재
060250,NHN KCP
476060,온코닉테라퓨틱스
376300,디어유
211050,인카금융서비스
340570,티앤엘
034310,NICE
033240,자화전자
039130,하나투어
003545,대신증권우
124500,아이티센글로벌
005945,NH투자증권우
456160,지투지바이오
034950,한국기업평가
006110,삼아알미늄
001500,현대차증권
377740,바이오노트
145990,삼양사
160190,하이젠알앤엠
336370,솔루스첨단소재
059090,미코
001510,SK증권
002240,고려제강
035890,서희건설
015750,성우하이텍
078130,국일제지
000070,삼양홀딩스
005250,녹십자홀딩스
417310,코람코더원리츠
082270,젬백스
033790,피노
460860,동국제강
295310,에이치브이엠
214430,아이쓰리시스템
003030,세아제강지주
002810,삼영무역
336570,원텍
004700,조광피혁
079900,전진건설로봇
020000,한섬
090435,아모레퍼시픽우
486990,노타
475960,토모큐브
215200,메가스터디교육
005389,현대차3우B
477850,마키나락스
122640,예스티
004690,삼천리
249420,일동제약
042000,카페24
072710,농심홀딩스
009520,포스코엠텍
056080,유진로봇
014830,유니드
016590,신대양제지
357120,코람코라이프인프라리츠
008060,대덕
019170,신풍제약
018290,브이티
161000,애경케미칼
002030,아세아
030520,한컴
029530,신도리코
095660,네오위즈
036810,에프에스티
278280,천보
219130,타이거일렉
003280,흥아해운
031430,신세계인터내셔날
003000,부광약품
425420,티에프이
015360,INVENI
001200,유진투자증권
272290,이녹스첨단소재
036620,감성코퍼레이션
104830,원익머트리얼즈
069080,웹젠
126340,비나텍
174900,앱클론
027410,BGF
001940,KISCO홀딩스
389470,인벤티지랩
290550,디케이티
144960,뉴파워프라즈마
306200,세아제강
041190,우리기술투자
368770,파이버프로
013030,하이록코리아
105630,한세실업
253590,네오셈
348370,엔켐
027360,아주IB투자
271940,일진하이솔루스
200710,에이디테크놀로지
016610,DB증권
003800,에이스침대
403550,쏘카
077360,덕산하이메탈
332570,PS일렉트로닉스
092230,KPX홀딩스
381970,케이카
365340,성일하이텍
170920,엘티씨
344820,KCC글라스
199800,툴젠
064290,인텍플러스
170900,동아에스티
194370,제이에스코퍼레이션
104700,한국철강
241770,메카로
452260,한화갤러리아
372320,큐로셀
025980,아난티
006220,제주은행
033640,네패스
007690,국도화학
005610,삼립
078020,LS증권
009900,명신산업
017810,풀무원
089590,제주항공
950210,프레스티지바이오파마
060980,HL홀딩스
033160,엠케이전자
145720,덴티움
236200,슈프리마
130660,한전산업
005420,코스모화학
008730,율촌화학
039440,에스티아이
005950,이수화학
078340,컴투스
060280,큐렉소
183190,아세아시멘트
126560,현대퓨처넷
025320,시노펙스
078160,메디포스트
348340,뉴로메카
005720,넥센
064260,다날
089890,코세스
089010,켐트로닉스
029460,케이씨
448900,한국피아이엠
009160,SIMPAC
348210,넥스틴
026890,스틱인베스트먼트
092730,네오팜
002990,금호건설
097520,엠씨넥스
002020,코오롱
126720,수산인더스트리
016800,퍼시스
204620,글로벌텍스프리
243070,휴온스
017900,광전자
018250,애경산업
009290,광동제약
004430,송원산업
011760,현대코퍼레이션
101930,인화정공
024720,콜마홀딩스
012030,DB
206650,유바이오로직스
002310,아세아제지
049070,인탑스
330860,네패스아크
108670,LX하우시스
092460,한라IMS
356860,티엘비
092790,넥스틸
121440,골프존홀딩스
101730,위메이드맥스
006910,보성파워텍
389650,넥스트바이오메디컬
084110,휴온스글로벌
0120G0,삼양바이오팜
025770,한국정보통신
091810,트리니티항공
034830,한국토지신탁
356680,엑스게이트
228760,지노믹트리
200880,서연이화
036890,진성티이씨
003120,일성아이에스
091700,파트론
011930,신성이엔지
136480,하림
02826K,삼성물산우B
033270,유나이티드제약
025860,남해화학
096760,JW홀딩스
025900,동화기업
160980,싸이맥스
047920,HLB제약
376270,HEM파마
200670,휴메딕스
017890,한국알콜
117730,티로보틱스
003960,사조대림
006405,삼성SDI우
123890,한국자산신탁
110990,디아이티
001390,KG케미칼
309710,아이티켐
035810,이지홀딩스
215600,신라젠
000157,두산2우B
265520,AP시스템
419530,SAMG엔터
098070,한텍
042520,한스바이오메드
182400,엔케이젠바이오텍코리아
015860,일진홀딩스
037710,광주신세계
078350,한양디지텍
084690,대상홀딩스
017390,서울가스
217590,티엠씨
078520,에이블씨엔씨
272450,진에어
001230,동국홀딩스
051500,CJ프레시웨이
192650,드림텍
439090,마녀공장
054950,제이브이엠
441270,파인엠텍
084010,대한제강
950170,JTC
004710,한솔테크닉스
121800,비덴트
036800,나이스정보통신
286940,롯데이노베이트
232530,이엠티
035600,KG이니시스
024850,HLB이노베이션
267980,매일유업
377460,큐에이드
005680,삼영전자
105840,우진
125490,한라캐스트
005430,한국공항
010955,S-Oil우
334890,이지스밸류플러스리츠
003920,남양유업
168360,펨트론
151860,KG에코솔루션
107640,한중엔시에스
010690,화신
043150,바텍
067630,HLB생명과학
287840,인투셀
244920,에이플러스에셋
114810,한솔아이원스
010820,퍼스텍
002900,TYM
206640,바디텍메드
079370,제우스
023410,유진기업
352480,씨앤씨인터내셔널
003650,미창석유
455900,엔젤로보틱스
394280,오픈엣지테크놀로지
058430,포스코스틸리온
004360,세방
064820,케이프
108860,셀바스AI
298690,에어부산
215000,골프존
900290,GRT
200130,콜마비앤에이치
001750,한양증권
314930,바이오다인
122900,아이마켓코리아
424870,이뮨온시아
493280,아이엠바이오로직스
404990,신한서부티엔디리츠
482630,삼양엔씨켐
481070,에이유브랜즈
484590,삼양컴텍
005500,삼진제약
348950,제이알글로벌리츠
008490,서흥
194700,노바렉스
007160,사조산업
317400,자이에스앤디
187660,페니트리움바이오
298000,효성화학
002320,한진
003200,일신방직
061970,LB세미콘
093520,매커스
472850,폰드그룹
234340,헥토파이낸셜
900140,엘브이엠씨홀딩스
000680,LS네트웍스
060720,KH바텍
393890,더블유씨피
000050,경방
134380,미원화학
044450,KSS해운
028100,동아지질
003070,코오롱글로벌
001790,대한제당
136490,선진
069540,빛과전자
099440,스맥
043370,피에이치에이
389260,대명에너지
0030R0,대신밸류리츠
036030,케이티알파
000480,CR홀딩스
005710,대원산업
099430,바이오플러스
092190,서울바이오시스
009680,모토닉
432320,KB스타리츠
003520,영진약품
061090,세나테크놀로지
065710,서호전기
025000,KPX케미칼
036200,유니셈
002710,TCC스틸
080580,오킨스전자
180400,DXVX
065680,우주일렉트로
053030,바이넥스
290690,아리바이오홀딩스
023760,한국캐피탈
461300,아이스크림미디어
034120,SBS
000430,대원강업
450950,아스테라시스
051905,LG생활건강우
468530,프로티나
033920,무학
052330,코텍
380540,옵티코어
003720,삼영
001250,GS글로벌
000320,노루홀딩스
089980,상아프론테크
102940,코오롱생명과학
0011T0,채비
194480,데브시스터즈
144510,지씨셀
488900,비츠로넥스텍
001340,PKC
011560,세보엠이씨
094360,칩스앤미디어
475560,더본코리아
448280,에코아이
068930,디지털대성
030210,다올투자증권
037270,YG PLUS
226320,잇츠한불
095500,미래나노텍
378340,필에너지
353810,이지바이오
138080,오이솔루션
304360,에스바이오메딕스
0008Z0,에스엔시스
018310,삼목에스폼
085910,네오티스
005010,휴스틸
199430,케이엔알시스템
000540,흥국화재
452430,사피엔반도체
318060,그래피
073490,LIG아큐버
017860,DS단석
377450,리파인
417840,저스템
064850,에프앤가이드
100120,뷰웍스
013890,지누스
000650,천일고속
317330,덕산테코피아
445090,에이직랜드
114190,강원에너지
053210,스카이라이프
001460,BYC
001630,종근당홀딩스
042370,비츠로테크
035150,백산
088260,이리츠코크렙
462350,이노스페이스
039570,HDC랩스
0001A0,덕양에너젠
095570,AJ네트웍스
389500,에스비비테크
034810,해성산업
230240,에치에프알
067390,아스트
456010,아이씨티케이
013120,동원개발
071200,인피니트헬스케어
003555,LG우
044820,코스맥스비티아이
039830,오로라
241520,DSC인베스트먼트
014940,오리엔탈정공
001130,대한제분
327260,RF머트리얼즈
019010,베뉴지
298830,슈어소프트테크
016790,현대사료
241590,화승엔터프라이즈
018000,유니슨
094480,갤럭시아머니트리
042420,네오위즈홀딩스
000140,하이트진로홀딩스
036560,KZ정밀
036190,금화피에스시
100250,진양홀딩스
272110,케이엔제이
190510,나무가
452280,한선엔지니어링
004980,성신양회
117580,대성에너지
254490,미래반도체
217730,강스템바이오텍
102460,이연제약
123330,제닉
357550,석경에이티
03473K,SK우
025560,미래산업
016580,환인제약
052710,아모텍
237880,클리오
000490,대동
192440,슈피겐코리아
003350,한국화장품제조
475400,씨메스로보틱스
377190,디앤디플랫폼리츠
003547,대신증권2우B
365270,큐라클
002100,경농
260870,SK시그넷
339770,교촌에프앤비
011500,한농화성
203650,드림시큐리티
000300,DH오토넥스
066620,국보디자인
128820,대성산업
176750,듀켐바이오
049430,코메론
091580,상신이디피
143240,사람인
294570,쿠콘
016450,한세예스24홀딩스
484810,티엑스알로보틱스
214180,헥토이노베이션
084850,아이티엠반도체
102260,동성케미컬
046970,우리로
425040,티이엠씨
126600,BGF에코머티리얼즈
234080,JW생명과학
200470,에이팩트
003610,방림
112290,와이씨켐
143160,아이디스
004310,현대약품
003460,유화증권
092130,이크레더블
053690,한미글로벌
402030,코난테크놀로지
045390,대아티아이
003220,대원제약
098120,마이크로컨텍솔
024840,KBI메탈
125020,티씨머티리얼즈
001080,만호제강
035510,신세계 I&C
053300,한국정보인증
041920,메디아나
093190,빅솔론
220100,퓨쳐켐
245620,EDGC
007860,서연
068790,DMS
058970,엠로
400760,NH올원리츠
394800,쓰리빌리언
092870,엑시콘
014710,사조씨푸드
006805,미래에셋증권우
078150,HB테크놀러지
002150,도화엔지니어링
462520,조선내화
002170,SYTS
054210,이랜텍
033530,SJG세종
159010,아스플로
101530,해태제과식품
304100,솔트룩스
064550,바이오니아
097955,CJ제일제당 우
038390,레드캡투어
010580,에스엠벡셀
314130,지놈앤컴퍼니
039840,디오
080160,모두투어
086820,바이오솔루션
138360,앤로보틱스
004560,현대비앤지스틸
092200,디아이씨
140610,엔솔바이오사이언스
446540,메가터치
066410,버킷스튜디오
216080,제테마
013580,계룡건설
046070,코다코
213500,한솔제지
950140,잉글우드랩
086390,유니테스트
204610,티쓰리
067080,대화제약
256840,한국비엔씨
065660,안트로젠
007570,일양약품
036710,심텍홀딩스
487570,HS효성
0015G0,그린광학
004380,삼익THK
000860,강남제비스코
000390,SP삼화
023910,대한약품
000700,유수홀딩스
459510,나우로보틱스
403850,더핑크퐁컴퍼니
484120,도우인시스
307180,아이엘
119610,인터로조
094820,일진파워
122990,와이솔
012860,모베이스전자
072870,메가스터디
413630,씨피시스템
001045,CJ우
222040,코스맥스엔비티
024800,유성티엔에스
000970,한국주철관
011040,경동제약
016880,웅진
138610,나이벡
108380,대양전기공업
001780,알루코
243840,신흥에스이씨
079960,동양이엔피
048550,SM C&C
354320,알멕
024060,흥구석유
308430,셀비온
015230,대창단조
032620,GC메디아이
007330,푸른저축은행
054800,아이디스홀딩스
004970,신라교역
460850,동국씨엠
293480,하나제약
036170,에이치엠넥스
031440,신세계푸드
484870,엠앤씨솔루션
264850,이랜시스
011785,금호석유화학우
416180,신성에스티
0082N0,카나프테라퓨틱스
071840,롯데하이마트
083930,아바코
090350,노루페인트
003830,대한화섬
179290,엠아이텍
046440,KG파이낸셜
005960,동부건설
051370,인터플렉스
067280,멀티캠퍼스
086670,비엠티
00279K,아모레퍼시픽홀딩스3우C
084990,헬릭스미스
005990,매일홀딩스
270660,에브리봇
123860,아나패스
123410,코리아에프티
101970,우양에이치씨
115450,HLB테라퓨틱스
049960,쎌바이오텍
090850,현대이지웰
234690,녹십자웰빙
271980,제일약품
334970,프레스티지바이오로직스
187870,디바이스
199820,제일일렉트릭
264450,유비쿼스
475040,스트라드비젼
251370,와이엠티
310200,애니플러스
078070,유비쿼스홀딩스
001540,안국약품
009470,삼화전기
094280,효성ITX
046120,오르비텍
013990,아가방컴퍼니
212560,네오오토
041020,폴라리스오피스
048870,시너지이노베이션
104480,티케이케미칼
489460,바이오비쥬
000520,삼일제약
049720,고려신용정보
260970,에스앤디
082800,비보존 제약
126700,하이비젼시스템
037070,파세코
060150,인선이엔티
039860,나노엔텍
006060,화승인더
000020,동화약품
015890,태경산업
322310,오로스테크놀로지
126640,화신정공
338840,와이바이오로직스
023600,삼보판지
950190,고스트스튜디오
269620,시스웍
012210,삼미금속
462860,더즌
003480,한진중공업홀딩스
217950,파마리서치바이오
040350,크레오에스지
464080,에스오에스랩
069510,에스텍
322510,제이엘케이
004080,신흥
049630,재영솔루텍
272550,삼양패키징
004090,한국석유
114840,아이패밀리에스씨
095190,신화프리텍
008350,남선알미늄
457550,우진엔텍
083310,엘오티베큠
003100,선광
092070,디엔에프
094840,슈프리마에이치큐
020120,키다리스튜디오
119830,아이텍
054450,텔레칩스
107590,미원홀딩스
035610,솔본
293780,압타바이오
005160,동국산업
036690,코맥스
086890,이수앱지스
136540,윈스테크넷
018470,조일알미늄
088800,에이스테크
025820,이구산업
007540,샘표
382900,범한퓨얼셀
255220,SG
024090,디씨엠
300080,플리토
038290,마크로젠
408920,메쎄이상
004150,한솔홀딩스
339950,아이비김영
013520,화승코퍼레이션
382800,지앤비에스 에코
242040,나무기술
350520,이지스레지던스리츠
205500,넥써쓰
002390,한독
321550,티움바이오
293580,나우IB
214390,경보제약
331920,셀레믹스
051160,지어소프트
235980,메드팩토
388050,지투파워
037560,LG헬로비전
405100,큐알티
418550,제이오
118990,모트렉스
389020,자람테크놀로지
089470,HDC현대EP
001360,삼성제약
014280,금강공업
081000,일진다이아
267290,경동도시가스
005800,신영와코루
256940,킵스파마
089600,KT나스미디어
032580,피델릭스
210540,디와이파워
086980,쇼박스
357880,SKAI
041590,플래스크
238540,나노솔루션
078000,텔코웨어
147830,제룡산업
0088M0,메쥬
297890,HB솔루션
274090,켄코아에어로스페이스
059120,아진엑스텍
214420,토니모리
109740,디에스케이
009270,신원
445180,퓨릿
034590,인천도시가스
473980,노머스
027710,팜스토리
012610,경인양행
458650,성우
011280,태림포장
246710,티앤알바이오팹
340450,지씨지놈
355150,코스텍시스
102120,어보브반도체
263860,지니언스
361390,제노코
285490,노바텍
067990,도이치모터스
009070,KCTC
001520,동양
004960,한신공영
232680,라온로보틱스
002620,제일파마홀딩스
366030,나인앤컴퍼니
451760,컨텍
016710,대성홀딩스
079430,현대리바트
0007C0,아크릴
264660,씨앤지하이테크
489500,엘케이켐
488280,에스투더블유
049520,유아이엘
122450,KX
021320,KCC건설
011810,STX
394420,리센스메디컬
227840,현대코퍼레이션홀딩스
474650,링크솔루션
372170,윤성에프앤씨
080420,모다이노칩
106190,하이텍팜
002460,HS화성
014580,태경비케이
002780,진흥기업
146320,비씨엔씨
018120,진로발효
217270,넵튠
333430,일승
008970,KBI동양철관
058820,CMG제약
101360,에코앤드림
041520,이엘씨
011690,와이투솔루션
054050,NH농우바이오
093640,케이알엠
290720,푸드나무
478340,나라스페이스테크놀로지
095700,제넥신
083420,그린케미칼
226590,엠디바이스
014530,극동유화
108230,톱텍
008040,사조동아원
240550,동방메디컬
063570,NICE인프라
038540,상상인
307750,국전
006620,동구바이오제약
009780,엠에스씨
259630,엠플러스
004250,NPC
037350,성도이엔지
077500,유니퀘스트
039340,한국경제TV
149950,아바텍
140670,알에스오토메이션
142210,유니트론텍
192410,오늘이엔엠
388790,라이콤
041440,현대에버다임
120240,대정화금
010100,한국무브넥스
115310,인포바인
267320,나인테크
035080,그래디언트
120030,조선선재
105330,케이엔더블유
067900,와이엔텍
210980,SK디앤디
148150,세경하이테크
012320,경동인베스트
248170,샘표식품
371950,풍원정밀
053700,삼보모터스
211270,AP위성
053080,케이엔솔
402490,그린리소스
289080,SV인베스트먼트
469610,이노테크
027970,한국제지
047310,파워로직스
205100,엑셈
396300,세아메카닉스
338220,뷰노
282880,코윈테크
119650,KC코트렐
013570,디와이
073560,우리손에프앤지
070960,모나용평
100700,세운메디칼
267850,아시아나IDT
035000,HS애드
009580,무림P&P
126730,코칩
246720,아스타
264900,크라운제과
019180,티에이치엔
452450,피아이이
073010,케이에스피
012200,계양전기
308080,바이젠셀
220260,켐트로스
002450,삼익악기
023450,동남합성
362320,청담글로벌
059210,메타바이오메드
052260,현대바이오랜드
432720,퀄리타스반도체
228850,레이언스
012800,대창
309960,LB인베스트먼트
066790,씨씨에스
051980,중앙첨단소재
078935,GS우
021080,에이티넘인베스트
017550,수산세보틱스
068240,다원시스
056090,시지메드텍
092220,KEC
474170,루미르
226400,오스테오닉
453450,그리드위즈
066590,스모트로닉
336680,탑런토탈솔루션
265740,엔에프씨
021820,세원정공
016740,두올
042600,새로닉스
039560,다산네트웍스
067290,JW신약
417500,제이아이테크
044340,위닉스
166480,코아스템켐온
054920,한컴위드
298540,더네이쳐홀딩스
083500,에프엔에스테크
002210,동성제약
123040,엠에스오토텍
015590,DKME
013310,아진산업
123690,한국화장품
297090,씨에스베어링
042500,링네트
418420,라온텍
352090,스톰테크
071280,로체시스템즈
007210,벽산
317770,엑스페릭스
158430,아톤
017510,세명전기
101170,우림피티에스
058850,KTcs
074430,아미노로직스
131030,옵투스제약
086710,선진뷰티사이언스
008700,아남전자
040420,정상제이엘에스
006660,삼성공조
014790,HL D&I
091440,한울소재과학
047560,이스트소프트
067830,세이브존I&C
001275,부국증권우
323990,박셀바이오
014440,영보화학
040300,YTN
047770,코데즈컴바인
156100,엘앤케이바이오
036580,팜스코
008260,NI스틸
032940,원익
032560,황금에스티
115500,케이씨에스
163730,핑거
141000,비아트론
093920,서원인텍
099750,이지케어텍
023900,풍국주정
104460,디와이피엔에프
307930,컴퍼니케이
005860,한일사료
023000,삼원강재
125210,아모그린텍
033290,로젠
299030,하나기술
189330,씨이랩
380550,뉴로핏
096240,크레버스
058860,KTis
418470,KT밀리의서재
357230,에이치피오
036220,오상헬스케어
0039P0,매드업
475580,에이럭스
100130,동국S&C
053350,이니텍
289930,웨이비스
004650,창해에탄올
063170,서울옥션
463020,뉴엔AI
348350,위드텍
006840,AK홀딩스
337930,젝시믹스
282720,금양그린파워
0156T0,에이치엘지노믹스
053260,금강철강
049180,셀루메드
004140,동방
183490,엔지켐생명과학
072020,중앙백신
302550,리메드
054540,삼영엠텍
004890,동일산업
109610,에스와이
330350,위더스제약
051360,토비스
065450,빅텍
004100,태양금속
130580,나이스디앤비
013700,까뮤이앤씨
263800,데이타솔루션
263720,디앤씨미디어
002230,피에스텍
004840,DRB동일
149980,하이로닉
078140,대봉엘에스
025950,동신건설
042510,라온시큐어
0017J0,세미티에스
182360,큐브엔터
023800,인지컨트롤스
052420,오성첨단소재
005740,크라운해태홀딩스
002600,조흥
175250,아이큐어
088130,동아엘텍
049950,미래컴퍼니
37550L,DL이앤씨2우(전환)
330730,스톤브릿지벤처스
037760,쎄니트
363280,티와이홀딩스
412540,제일엠앤에스
037030,파워넷
053580,웹케시
019540,일지테크
487580,폴레드
209640,와이제이링크
377480,마음AI
017650,대림제지
474610,RF시스템즈
058630,엠게임
066700,테라젠이텍스
019550,SBI인베스트먼트
069730,DSR제강
001470,삼부토건
139990,아주스틸
217820,원익피앤이
033560,블루콤
053280,예스24
396470,워트
250060,모비스
092040,아미코젠
043610,KT지니뮤직
054670,대한뉴팜
012700,리드코프
322180,LS티라유텍
009300,삼아제약
032300,한국파마
0218L0,네오뷰
311320,지오엘리먼트
044990,에이치엔에스하이텍
054040,한국컴퓨터
084680,이월드
067000,조이시티
063080,컴투스홀딩스
006090,사조오양
187790,나노
389030,지니너스
163560,동일고무벨트
036640,HRS
290660,다이나믹솔루션
417010,나노팀
002200,한국수출포장
234300,에스트래픽
054620,APS
007980,TP
029480,광무
320000,한울반도체
073640,테라사이언스
900260,로스웰
038110,에코플라스틱
173130,오파스넷
009180,한솔로지스틱스
214260,라파스
0011A0,액스비스
039980,폴라리스AI
111380,동인기연
096250,와이즈넛
131370,알서포트
004590,한국가구
011370,서한
303810,동국생명과학
007590,동방아그로
048530,인트론바이오
950130,엑세스바이오
096775,SK이노베이션우
061250,화일약품
025620,차AI헬스케어
086960,MDS테크
950250,테라뷰
004720,팜젠사이언스
080010,이상네트웍스
452190,한빛레이저
331380,포커스에이아이
008830,대동기어
024880,케이피에프
000440,중앙에너비스
347890,엠엑스온
019680,대교
101330,모베이스
009190,대양금속
0117P0,피스피스스튜디오
172670,에이엘티
010960,삼호개발
082210,옵트론텍
002700,신일전자
000590,CS홀딩스
102370,케이옥션
014160,대영포장
067570,엔브이에이치코리아
017480,삼현철강
067370,선바이오
000180,성창기업지주
047820,초록뱀미디어
011320,유니크
234920,자이글
153890,져스텍
000105,유한양행우
171120,라이온켐텍
265560,영화테크
065510,휴비츠
001290,상상인증권
063160,종근당바이오
475230,엔알비
024830,세원물산
228670,레이
052900,KX하이텍
032540,TJ미디어
066430,아이로보틱스
338100,NH프라임리츠
036630,세종텔레콤
494120,큐리오시스
013870,지엠비코리아
208140,정다운
017370,우신시스템
475430,키스트론
215100,로보로보
011150,CJ씨푸드
002220,한일철강
109070,주성코퍼레이션
155660,DSR
306620,지아이에스
040910,아이씨디
217330,싸이토젠
290740,액트로
079650,서산
214680,디알텍
104040,디에스엠
170030,현대공업
124560,태웅로직스
033130,디지틀조선
203400,에이비온
011700,한신기계
212710,아이에스티이
013360,일성건설
196490,디에이테크놀로지
060590,씨티씨바이오
332370,아이디피
208370,셀바스헬스케어
038680,에스넷
000230,일동홀딩스
229500,노브메타파마
001260,남광토건
041910,폴라리스AI파마
030960,양지사
221800,지구홀딩스
493330,지에프아이
066980,한성크린텍
413390,엠오티
007610,선도전기
105740,디케이락
443670,에스피소프트
052860,아이앤씨
255440,야스
451250,삐아
223250,드림씨아이에스
000850,화천기공
020710,시공테크
109860,동일금속
002795,아모레퍼시픽홀딩스우
002720,국제약품
005750,대림바스
389140,포바이포
115440,우리넷
234030,싸이닉솔루션
419050,삼기에너지솔루션즈
381620,제닉스로보틱스
006140,피제이전자
084730,팅크웨어
009770,삼정펄프
153710,옵티팜
036010,아비코전자
250030,진코스텍
294630,서남
079980,휴비스
062970,한국첨단소재
382480,지아이텍
038460,바이오스마트
045660,에이텍
001020,페이퍼코리아
100220,비상교육
365330,에스와이스틸텍
065170,비엘팜텍
041930,SY동아
004780,대륙제관
456570,아이엠지티
090470,제이스로보틱스
058730,다스코
078890,가온그룹
095720,웅진씽크빅
085670,뉴프렉스
128660,피제이메탈
201490,미투온
091120,이엠텍
024740,한일단조
225530,HC보광산업
396690,미래에셋글로벌리츠
253840,수젠텍
120115,코오롱인더우
016090,대현
222110,팬젠
382840,원준
018500,동원모빌리티
045970,코아시아
001560,제일연마
107600,새빗켐
417970,모델솔루션
032850,비트컴퓨터
478560,블랙야크아이앤씨
094860,네오리진
303360,프로티아
060570,드림어스컴퍼니
251120,바이오에프디엔씨
137950,제이씨케미칼
002800,신신제약
036000,예림당
043650,국순당
031820,아이티센씨티에스
217190,제너셈
204840,지엘팜텍
110790,크리스에프앤씨
076610,해성옵틱스
464490,쿼드메디슨
270520,앱튼
041460,한국전자인증
084670,동양고속
081150,티플랙스
396270,넥스트칩
0015S0,페스카로
001840,이화공영
058400,KNN
238090,앤디포스
294090,이오플로우
185490,아이진
198440,강동씨앤엘
129920,대성하이텍
432470,케이엔에스
089850,유비벨록스
010240,흥국
456070,이엔셀
004440,삼일씨엔에스
347000,센코
048430,유라테크
012790,신일제약
006890,태경케미컬
068290,삼성출판사
443250,레뷰코퍼레이션
049550,잉크테크
388870,파로스아이바이오
088390,이녹스
026150,특수건설
126880,제이엔케이글로벌
142280,녹십자엠에스
360070,탑머티리얼
451220,아이엠티
005670,푸드웰
321370,센서뷰
241690,유니테크노
348150,고바이오랩
214270,FSN
003925,남양유업우
039420,케이엘넷
0015N0,아로마티카
111110,호전실업
162300,신스틸
083790,CG인바이츠
096350,대창솔루션
014970,삼륭물산
453860,에이에스텍
261780,아리바이오랩
009200,무림페이퍼
085310,엔케이
347860,알체라
123420,위메이드플레이
003580,HLB글로벌
307870,비투엔
168330,내츄럴엔도텍
005870,휴니드
010280,아이티센엔텍
117670,알파칩스
066310,큐에스아이
072130,유엔젤
010040,한국내화
111710,남화산업
0004V0,엔비알모션
099520,DGI
147760,피엠티
007110,일신석재
331740,아우토크립트
291650,압타머사이언스
094850,참좋은여행
216050,인크로스
002760,보락
122350,삼기
079810,APS이노베이션
277880,티에스아이
040160,누리플렉스
333620,엔시스
417790,트루엔
010660,화천기계
049080,기가레인
008370,원풍
071090,하이스틸
357580,아모센스
016250,SGC E&C
067920,이글루
024900,디와이덕양
004770,써니전자
010470,오리콤
140070,서플러스글로벌
387690,레메디
010770,평화홀딩스
129260,인터지스
439580,블루엠텍
059270,해성에어로보틱스
000220,유유제약
263690,디알젬
014470,부방
340930,성원에너텍
251630,브이원텍
048910,대원미디어
001210,금호전기
215360,우리산업
179900,유티아이
057540,옴니시스템
050960,수산아이앤티
053620,태양
042110,에스씨디
055490,테이팩스
007820,엠엑스로보틱스
411080,샌즈랩
049480,오픈베이스
217480,에스디생명공학
0007J0,인벤테라
006370,대구백화점
039020,이건홀딩스
070300,엑스큐어
003310,대주산업
323350,다원넥스뷰
424960,스마트레이더시스템
136150,원일티엔아이
061040,알에프텍
175140,아고스
420570,제이투케이바이오
067170,오텍
027050,코리아나
092440,기신정기
33626K,두산퓨얼셀1우
095270,웨이브일렉트로
036120,서울평가정보
036670,삼양케이씨아이
002630,오리엔트바이오
460870,에스엠씨지
004450,삼화왕관
003010,혜인
460940,피앤에스로보틱스
100030,인지소프트
090080,평화산업
137080,나래나노텍
007370,진양제약
408470,한패스
088910,동우팜투테이블
075180,새론오토모티브
448710,코츠테크놀로지
053160,프리엠스
286750,나노실리칸첨단소재
072950,빛샘전자
065530,와이어블
045340,토탈소프트
104540,코렌텍
318160,셀바이오휴먼텍
039010,현대에이치티
002410,범양건영
246960,SCL사이언스
052460,아이크래프트
053050,지에스이
005305,롯데칠성우
006880,신송홀딩스
155650,와이엠씨
101140,인바이오젠
299660,셀리드
003465,유화증권우
007280,한국특강
054300,팬스타엔터프라이즈
039610,화성밸브
378850,화승알앤에이
365660,레몬헬스케어
452400,이닉스
025550,한국선재
033310,엠투엔
091590,남화토건
060310,3S
003780,진양산업
096610,알에프세미
025530,SJM홀딩스
192250,케이사인
011230,삼화전자
123700,SJM
007460,에이프로젠
003475,유안타증권우
288180,케이피항공산업
459100,위츠
043710,코스리거글로벌
020760,일진디스플
457370,한켐
033320,제이씨현시스템
039240,경남스틸
273640,와이엠텍
347740,피엔케이피부임상연구센타
214330,금호에이치티
012690,모나리자
950200,소마젠
219550,디와이디
004920,씨아이테크
104620,노랑풍선
393970,대진첨단소재
435570,에르코스
040610,SG&G
302430,이노메트리
263600,덕우전자
046940,우원개발
122310,제노레이
004060,SG세계물산
100590,머큐리
033230,인성정보
063440,SM Life Design
205470,휴마시스
170790,파이오링크
089230,THE E&M
134580,탑코미디어
001550,조비
187420,HLB제넥스
064800,포니링크
136410,아셈스
299170,더블유에스아이
384470,코어라인소프트
009320,아진전자부품
024910,경창산업
476040,오가노이드사이언스
037440,희림
000725,현대건설우
180060,탑선
053270,구영테크
191420,테고사이언스
370090,퓨런티어
053450,세코닉스
027830,대성창투
179530,애드바이오텍
006980,우성
260930,씨티케이
314140,알피바이오
011000,진원생명과학
082850,우리바이오
004830,덕성
256630,포인트엔지니어링
064240,홈캐스트
228340,동양파일
123010,알엔티엑스
412350,레이저쎌
002140,고려산업
011300,우성머티리얼스
082660,코스나인
036090,위지트
418250,시큐레터
391710,코닉오토메이션
023810,인팩
071670,에이테크솔루션
145170,노브랜드
463480,모티브링크
066670,디티씨
419080,엔젯
038010,제일테크노스
023440,제이스코홀딩스
046210,HLB파나진
072990,에이치시티
372910,한컴라이프케어
0013V0,삼진식품
053980,오상자이엘
457600,벡트
37550K,DL이앤씨우
054930,유신
069460,대호에이엘
440290,HB인베스트먼트
001620,케이비아이동국실업
317530,에피소드컴퍼니
317830,에스피시스템스
000950,전방
021050,서원
097800,윈팩
006125,SK디스커버리우
037950,엘컴텍
001465,BYC우
081180,쎄크
002920,유성기업
357250,미래에셋맵스리츠
084650,랩지노믹스
127710,아시아경제
060560,HC홈센타
352910,오비고
005030,부산주공
950220,네오이뮨텍
241790,티이엠씨씨엔에스
471820,셀로맥스사이언스
198080,캐프
074610,이엔플러스
114450,그린생명과학
317850,대모
217500,러셀
294140,레몬
051390,YW
101670,하이드로리튬
311690,CJ 바이오사이언스
28513K,SK케미칼우
015710,코콤
094940,푸른로보틱스
072470,우리산업홀딩스
288330,파라택시스코리아
189980,흥국에프엔비
056360,코위버
092300,현우산업
007680,대원
041650,상신브레이크
003080,SB성보
052790,액토즈소프트
109080,옵티시스
086060,진바이오텍
376290,씨유테크
004910,조광페인트
023350,한국종합기술
413640,비아이매트릭스
004540,깨끗한나라
073110,엘엠에스
048770,TPC로보틱스
019990,에너토크
317690,퀀타매트릭스
014950,삼익제약
056700,신화인터텍
481850,신한글로벌액티브리츠
163280,에어레인
088280,쏘닉스
143540,영우디에스피
277070,린드먼아시아
190650,코리아에셋투자증권
065130,탑엔지니어링
355690,에이텀
000910,유니온
092780,DYP
008420,문배철강
270870,뉴트리
321260,프로이천
066130,하츠
025880,케이씨피드
461030,아이엠비디엑스
35320K,대덕전자1우
019490,엑시큐어하이트론
153460,네이블
263020,디케이앤디
460470,아이빔테크놀로지
129890,앱코
033540,파라텍
215380,콜마바이오텍
189690,포시에스
094970,제이엠티
068330,일신바이오
178780,일월지엠엘
296160,프로젠
224110,에이텍모빌리티
011390,부산산업
417860,오브젠
373160,데이원컴퍼니
003680,한성기업
140520,대창스틸
017040,광명전기
038070,서린바이오
263810,상신전자
0010V0,제이피아이헬스케어
361570,알비더블유
159580,제로투세븐
066900,디에이피
060850,영림원소프트랩
340360,다보링크
200580,메디쎄이
273060,와이즈버즈
191600,블루탑
050120,ES큐브
261520,이지스
024950,삼천리자전거
299900,위지윅스튜디오
009835,한화솔루션우
052220,iMBC
043340,에쎈테크
064090,인크레더블버즈
479960,위너스일렉
225190,LK삼양
238120,얼라인드
012280,영화금속
373200,엑스플러스
037230,한국팩키지
171010,램테크놀러지
008870,금비
261200,덴티스
218150,미래생명자원
097870,효성오앤비
131400,이브이첨단소재
382150,온코크로스
222420,쎄노텍
363250,진시스템
162120,루켄테크놀러지스
002290,삼일기업공사
480370,씨케이솔루션
017180,명문제약
134790,시디즈
099410,동방선기
011420,갤럭시아에스엠
004410,서울식품
049830,승일
099220,SDN
196450,코아시아씨엠
150900,파수AI
047400,유니온머티리얼
145270,케이탑리츠
221980,케이디켐
014190,원익큐브
084870,TBH글로벌
123570,이엠넷
122830,원포유
133820,화인베스틸
199550,레이저옵텍
466410,사이냅소프트
307280,원바이오젠
122690,서진오토모티브
044960,이글벳
262260,에이프로
340810,시선AI
226330,신테카바이오
369370,블리츠웨이엔터테인먼트
037330,인지디스플레
290120,DH오토리드
072770,멤레이비티
023960,에쓰씨엔지니어링
315640,딥노이드
263770,유에스티
204020,그리티
026910,광진실업
010400,우진아이엔에스
045060,오공
007815,코리아써우
105760,포스뱅크
256150,한독크린텍
012160,영흥
026940,부국철강
042940,상지건설
089790,제이티
051490,나라엠앤디
219420,링크제니시스
104200,NHN벅스
000890,보해양조
227950,엔투텍
050860,아세아텍
263920,휴엠앤씨
234100,폴라리스세원
196300,HLB펩
065500,오리엔트정공
177900,쓰리에이로직스
352700,씨앤투스
014570,고려제약
258610,케일럼
011330,유니켐
009460,한창제지
284620,카이노스메드
024120,KB오토시스
221840,하이즈항공
081580,성우전자
068940,셀피글로벌
900250,크리스탈신소재
263700,케어랩스
000215,DL우
250000,보라티알
173940,에프엔씨엔터
321820,아티스트컴퍼니
189860,서전기전
260660,알리코제약
263050,유틸렉스
019770,서연탑메탈
065440,이루온
246690,TS인베스트먼트
100660,서암기계공업
002870,신풍
305090,마이크로디지탈
127980,화인써키트
203450,유니온바이오메트릭스
007530,와이엠
052600,한네트
043910,자연과환경
229000,젠큐릭스
368600,아이씨에이치
013000,세우글로벌
014910,성문전자
459550,알트
009140,경인전자
032960,동일기연
308170,씨티알모빌리티
021650,한국큐빅
002880,디와이에이
237820,플레이디
049800,우진플라임
057030,YBM넷
148930,에이치와이티씨
086040,바이오톡스텍
317870,엔바이오니아
101240,씨큐브
290670,대보마그네틱
208860,다산디엠씨
059100,아이컴포넌트
000760,이화산업
186230,그린플러스
424980,마이크로투나노
200780,비씨월드제약
143210,핸즈코퍼레이션
159910,에코글로우
046310,백금T&A
112190,KC산업
184230,SGA솔루션즈
071850,캐스텍코리아
450330,하스
360350,코셈
446070,유니드비티플러스
004365,세방우
025440,DH오토웨어
046390,삼화네트웍스
064520,테크엘
087600,픽셀플러스
083550,케이엠
495810,유비씨
042040,케이피엠테크
045510,정원엔시스
006920,모헨즈
227420,도부
465480,인스피언
408900,스튜디오미르
207760,미스터블루
393210,토마토시스템
089140,넥스턴앤롤코리아
001070,대한방직
033170,시그네틱스
206400,베노티앤알
020180,대신정보통신
446840,지슨
075130,플랜티넷
080520,오디텍
458350,에스팀
432430,와이랩
215790,이노인스트루먼트
239890,피엔에이치테크
006570,대림통상
049470,비트플래닛
133750,메가엠디
220180,핸디소프트
016600,큐캐피탈
128540,에코캡
364950,에이아이코리아
258830,세종메디칼
002420,세기상사
038060,루멘스
105550,엣지파운드리
027740,마니커
318410,비비씨
475460,미트박스
068050,팬엔터테인먼트
064480,브리지텍
419120,산돌
208710,포톤
066360,체리부로
337840,유엑스엔
123840,뉴온
215090,솔디펜스
008250,이건산업
332290,누보
005820,원림
033340,좋은사람들
246250,에스엘에스바이오
365590,하이딥
476080,M83
452160,제이엔비
351330,이삭엔지니어링
038950,파인디지털
024070,WISCOM
005360,모나미
053950,경남제약
002690,동일제강
089150,케이씨티
079000,와토스코리아
091970,LSK아이로봇
031510,오스템
109820,진매트릭스
376930,노을
278650,HLB바이오스텝
075970,동국알앤에스
033830,티비씨
388610,지에프씨생명과학
012620,원일특강
025750,한솔홈데코
407400,꿈비
001380,SG글로벌
262840,아이퀘스트
003060,에이프로젠바이오로직스
007120,미래아이앤지
090410,덕신이피씨
103840,우양
317240,TS트릴리온
311390,네오크레마
160550,NEW
452200,민테크
290090,트윔
348030,모비릭스
023150,MH에탄올
088790,진도
335810,프리시젼바이오
131090,시큐브
078590,휴림에이텍
446440,에피바이오텍
014130,한익스프레스
006490,프리티
060540,에스에이티
035460,기산텔레콤
088340,유라클
310870,디와이씨
289220,자이언트스텝
239610,에이치엘사이언스
336060,웨이버스
462310,뉴키즈온
038620,위즈코프
043220,티에스넥스젠
009810,플레이그램
039290,인포뱅크
227610,아우딘퓨쳐스
036420,콘텐트리중앙
096630,에스코넥
118000,메타케어
002820,SUN&L
068100,케이웨더
288620,에스프리즘
452300,캡스톤파트너스
010640,진양폴리
188260,세니젠
106240,파인테크닉스
290520,신도기연
119500,포메탈
022220,티케이지애강
464280,티디에스팜
033050,제이엠아이
090370,메타랩스
044480,빌리언스
206560,덱스터
069410,엔텔스
297570,아틀라스링크
318010,팜스빌
065950,웰크론
354390,바스칸바이오제약
131220,대한과학
444530,심플랫폼
053290,NE능률
351320,넥사다이내믹스
276730,한울앤제주
014990,인디에프
177830,파버나인
026040,제이에스티나
288980,모아데이타
900070,글로벌에스엠
271830,팸텍
066910,손오공
187270,신화콘텍
016920,카스
464580,닷밀
148250,알엔투테크놀로지
032860,더라미
123750,알톤
005110,한창
032790,엠젠솔루션
031310,아이즈비전
138070,신진에스엠
032750,삼진
121890,에스디시스템
197140,디지캡
093380,풍강
038880,아이에이
434480,모니터랩
016670,디모아
450520,인스웨이브
006345,대원전선우
291230,엔피
080530,코디
356890,싸이버원
238490,힘스
095910,에스에너지
199480,뱅크웨어글로벌
030720,동원수산
069140,누리플랜
290270,휴네시온
058110,멕아이씨에스
130500,GH신소재
355390,크라우드웍스
187220,디티앤씨
462980,아이지넷
038870,에코심플렉스
195500,마니커에프앤지
054940,엑사이엔씨
007720,소노스퀘어
318000,KBG
169330,엠브레인
257370,피엔티엠에스
198940,한주라이트메탈
093240,형지엘리트
114630,폴라리스우노
376980,원티드랩
037370,EG
083640,인콘
219750,한국비티비
057680,티사이언티픽
019660,글로본
311060,엘에이티
065150,대산F&B
017000,신원종합개발
115160,휴맥스
348080,큐라티스
033250,체시스
373170,엠아이큐브솔루션
002355,넥센타이어1우B
027040,서울전자통신
025890,한국주강
225220,제놀루션
035200,프럼파스트
001810,무림SP
097780,에코볼트
267790,배럴
0203K0,송우인포텍
073540,에프알텍
333050,이노테나
298060,풍전약품
083660,CSA 코스믹
318020,포인트모바일
003535,한화투자증권우
050110,캠시스
146060,율촌
021880,메이슨캐피탈
376180,피코그램
079170,한창산업
300120,라온피플
340440,세림B&G
099390,브레인즈컴퍼니
222980,한국맥널티
367000,플래티어
109960,앱토크롬
051380,피씨디렉트
455180,케이지에이
33637K,솔루스첨단소재1우
208350,지란지교시큐리티
053060,세동
044780,에이치케이
013810,스페코
475660,에스켐
047080,한빛소프트
207490,에이펙스인텍
045300,성우테크론
243870,아이티센코어
054090,삼진엘앤디
024890,대원화성
054780,키이스트
363260,모비데이즈
036480,대성미생물
003495,대한항공우
091340,S&K폴리텍
048470,대동스틸
009310,참엔지니어링
237750,피앤씨테크
430690,한싹
060380,동양에스텍
085810,알티캐스트
070590,인티큐브
018680,서울제약
039740,한국정보공학
406820,뷰티스킨
296640,이노에이엑스
270210,에스알바이오텍
043200,파루
0010F0,보원케미칼
387570,파인메딕스
134060,이퓨쳐
368970,오에스피
193250,링크드
006740,블루산업개발
019175,신풍제약우
019570,플루토스
462510,라메디텍
007770,한일화학
052300,오션인더블유
063760,이엘피
004270,남성
432980,엠에프씨
033200,모아텍
424760,벨로크
076080,웰크론한텍
233990,질경이
179720,머니무브
210120,캔버스엔
398120,에스지헬스케어
059180,엔더블유시
347770,핌스
005320,온타이드
139670,키네마스터
232830,아이티센피엔에스
397810,애드포러스
254120,자비스
032080,아즈텍WB
065370,위세아이텍
002360,SH에너지화학
069640,한세엠케이
403490,우듬지팜
353190,휴럼
405920,나라셀라
014100,메디앙스
331520,밸로프
900310,컬러레이
352940,인바이오
357430,마스턴프리미어리츠
359090,씨엔알리서치
056730,CNT85
301300,바이브컴퍼니
383930,디티앤씨알오
102950,아하
377330,이지트로닉스
067010,이씨에스
080720,한국유니온제약
098660,에스티오
290560,파라택시스이더리움
464500,아이언디바이스
008775,호텔신라우
130740,티피씨글로벌
241840,에이스토리
378800,샤페론
032280,삼일
023790,동일스틸럭스
013720,청보
131180,딜리
115480,씨유메디칼
054410,케이피티유
317860,노드메이슨
206950,볼빅
277410,인산가
377030,비트맥스
331660,한국미라클피플사
051630,진양화학
258790,소프트캠프
076340,지에이이노더스
223310,사토시홀딩스
090150,아이윈
023770,플레이위드
153490,우리이앤엘하루틴
342870,오아
372800,아이티아이즈
215480,토박스코리아
188040,바이오포트
429270,시지트로닉스
195990,루트K
096690,에이루트
058450,한주에이알티
328380,솔트웨어
362990,드림인사이트
101680,한국정밀기계
065650,하이퍼코퍼레이션
080470,성창오토텍
067730,로지시스
001420,태원물산
415380,스튜디오삼익
065690,파커스
065060,지엔코
351870,차이커뮤니케이션
049120,파인디앤씨
109670,씨싸이트
238200,비피도
039310,세중
006200,한국전자홀딩스
015020,이스타코
438700,버넥트
192390,윈하이텍
317120,라닉스
084440,유비온
034940,조아제약
016100,리더스코스메틱
021040,대호특수강
440320,오픈놀
024940,PN풍년
469750,아이비젼웍스
002070,비비안
373110,엑셀세라퓨틱스
032800,판타지오
353590,오토앤
278990,EMB
043360,디지아이
236810,엔비티
154030,아시아종묘
096870,엘디티
252500,세화피앤씨
073570,리튬포어스
214610,롤링스톤
015260,에이엔피
403810,아이엘로보틱스
017250,인터엠
001685,대상우
403360,라피치
048830,엔피케이
004870,티웨이홀딩스
200230,텔콘RF제약
071950,코아스
032680,소프트센
140430,카티스
031860,디에이치엑스컴퍼니
222670,플럼라인생명과학
115570,스타플렉스
900100,파이온엑스
279600,미디어젠
303530,이노뎁
322970,무진메디
088290,이원컴포텍
275630,에스에스알
365900,브이씨
33626L,두산퓨얼셀2우B
000040,KR모터스
038530,케이바이오랩스
405000,플라즈맵
224060,더코디
069330,유아이디
050760,에스폴리텍
361670,삼영에스앤씨
00499K,롯데지주우
101400,엔시트론
079950,인베니아
037400,우리엔터프라이즈
322780,코퍼스코리아
196700,웹스
465770,STX그린로지스
006050,국영지앤엠
008600,윌비스
009440,KC그린홀딩스
103230,에스앤더블류
476710,타조이엔터테인먼트
200350,아티스트스튜디오
115610,이미지스
054220,비츠로시스
018620,우진비앤지
304840,피플바이오
208640,썸에이지
240600,유진테크놀로지
239340,이스트에이드
060900,에이전트AI
078860,아이오케이이엔엠
020400,대동금속
431190,케이쓰리아이
247660,나노씨엠에스
254160,제이엠멀티
011090,에넥스
482680,미래에셋비전스팩7호
154040,다산솔루에타
274400,이노시뮬레이션
108675,LX하우시스우
241820,피씨엘
018700,졸스
477380,미래에셋비전스팩4호
335870,윙스풋
045520,크린앤사이언스
142760,모아라이프플러스
051780,큐로홀딩스
060230,제이케이시냅스
309930,조이웍스앤코
027580,상보
110020,전진바이오팜
137940,넥스트아이
052960,태양3C
306040,에스제이그룹
060260,뉴보텍
344860,이노진
379390,이성씨엔아이
005725,넥센우
067770,세진티에스
131100,티엔엔터테인먼트
354200,엔젠바이오
0072Z0,KB제33호스팩
469880,하나30호스팩
0101C0,하나36호스팩
0130H0,엔에이치스팩33호
477340,에이치엠씨제7호스팩
303030,지니틱스
225590,패션플랫폼
012340,뉴인텍
030350,드래곤플라이
336040,타스컴
0044K0,삼성스팩10호
035620,바른손이앤에이
434190,탈로스
043590,웰킵스하이텍
008470,부스타
002025,코오롱우
0115H0,삼성스팩13호
083470,이엠앤아이
473050,유안타제15호스팩
377220,프롬바이오
351020,미쥬
18064K,한진칼우
148780,비큐AI
419540,비스토스
478440,미래에셋비전스팩6호
001000,신라섬유
009620,삼보산업
418620,E8
0165X0,메리츠제2호스팩
479880,한국제15호스팩
065770,CS
0099W0,미래에셋비전스팩11호
000087,하이트진로2우B
131760,파인텍
177350,베셀
191410,육일씨엔에쓰
900340,윙입푸드
092600,앤씨앤
352770,셀레스트라
115530,씨엔플러스
208850,이비테크
900110,딥커머스
028080,휴맥스홀딩스
244460,올리패스
417180,핑거스토리
489480,키움제11호스팩
389680,유디엠텍
0134X0,대신밸런스제20호스팩
456190,큐라켐
481890,엔에이치스팩31호
001795,대한제당우
0164H0,한국제16호스팩
217320,썬테크
0099X0,IBKS제25호스팩
0096B0,삼성스팩12호
012170,아센디오
0097F0,미래에셋비전스팩10호
019685,대교우B
199730,바이오인프라
073190,듀오백
489730,디비금융제13호스팩
005257,녹십자홀딩스2우
285800,진영
471050,대신밸런스제17호스팩
113810,디젠스
478390,KB제29호스팩
054180,메디콕스
0093G0,미래에셋비전스팩8호
00806K,대덕1우
0070X0,에스테크엠
0037T0,KB제32호스팩
0054V0,엔에이치스팩32호
492220,KB제31호스팩
0131D0,키움히어로제2호스팩
482520,교보16호스팩
101000,KS인더스트리
065570,삼영이엔씨
145995,삼양사우
289010,아이스크림에듀
250930,예선테크
0091W0,신영스팩11호
0088D0,메리츠제1호스팩
900300,오가닉티코스메틱
0041L0,하나35호스팩
477760,DB금융스팩12호
0132G0,교보20호스팩
291810,핀텔
226340,본느
009730,이렘
469900,하나31호스팩
482690,대신밸런스제19호스팩
002680,한탑
0071M0,삼성스팩11호
069920,엑시온그룹
474660,신한제12호스팩
477470,미래에셋비전스팩5호
487360,신한제14호스팩
474490,유안타제16호스팩
900120,씨엑스아이
0105P0,유진스팩12호
496070,신한제16호스팩
0129K0,신한제18호스팩
060480,국일신동
044380,주연테크
0096D0,미래에셋비전스팩9호
149010,아이케이세미콘
0098T0,교보19호스팩
486630,KB제30호스팩
900270,헝셩그룹
493790,유안타제17호스팩
217880,틸론
0004Y0,디비금융제14호스팩
0130D0,신한제17호스팩
169670,코스텍시스템
176590,코나솔
489210,교보17호스팩
043100,알파AI
308100,형지글로벌
38380K,LX홀딩스1우
253610,루트락
466690,키움히어로제1호스팩
103660,씨앗
478110,이베스트스팩6호
0041B0,교보18호스팩
498390,한화플러스제5호스팩
084695,대상홀딩스우
079190,케스피온
004255,NPC우
238500,솔루믹스
472220,신영스팩10호
025870,신라에스지
289170,바이오텐
189350,코셋
488060,유진스팩11호
106080,케이이엠텍
145210,다이나믹디자인
233250,메디안디노스틱
084180,수성웹툰
004105,태양금속우
484130,하나34호스팩
001067,JW중외제약2우B
001755,한양증권우
224760,엔에스컴퍼니
469480,IBKS제24호스팩
003075,코오롱글로벌우
473950,에스케이증권제13호스팩
465320,교보15호스팩
468760,유진스팩10호
487830,신한제15호스팩
244880,나눔테크
236340,메디젠휴먼케어
472230,에스케이증권제11호스팩
00781K,코리아써키트2우B
487720,키움제10호스팩
0068Y0,비엔케이제3호스팩
114920,대주이엔티
000225,유유제약1우
185190,수프로
0041J0,엘에스스팩1호
065420,에스아이리소스
050090,비케이홀딩스
225430,케이엠제약
087260,모바일어플라이언스
45226K,한화갤러리아우
178600,대동고려삼
03481K,해성산업1우
086220,광동헬스바이오
299480,지앤이헬스케어
312610,에이에프더블류
079970,투비소프트
199150,데이터스트림즈
475250,하나33호스팩
474930,신한제13호스팩
318660,타임기술
212310,오건에코텍
012205,계양전기우
447690,아이오바이오
001515,SK증권우
001770,SHD
001065,JW중외제약우
276040,스코넥
33637L,솔루스첨단소재2우B
035290,골드앤에스
121850,코이즈
473000,에스케이증권제12호스팩
066830,제노텍
475240,하나32호스팩
008290,원풍물산
199290,바이오프로테크
311960,인터로이드
234070,에이원큐브텍
251280,안지오랩
011080,형지I&C
004985,성신양회우
000325,노루홀딩스우
224810,엄지하우스
267080,세븐브로이맥주
26490K,크라운제과우
044180,KD
236030,씨알푸드
313760,캐리
004835,덕성우
266350,팡스카이
276240,엘리비젼
258050,테크트랜스
327610,펨토바이오메드
346010,타이드
090355,노루페인트우
043090,더테크놀로지
002995,금호건설우
215570,크로넥스
052770,아이톡시
217910,에스제이켐
121060,유니포인트
000145,하이트진로홀딩스우
092590,럭스피아
341170,퓨쳐메디신
332190,오션스바이오
216400,인바이츠바이오코아
000545,흥국화재우
009415,태영건설우
116100,태양기계
402420,켈스
005965,동부건설우
208890,미래엔에듀파트너
202960,판도라티비
014825,동원시스템즈우
093510,엔지브이아이
136660,큐엠씨
413300,티엘엔지니어링
007575,일양약품우
014285,금강공업우
005745,크라운해태홀딩스우
266470,바이오인프라생명과학
296520,가이아코퍼레이션
36328K,티와이홀딩스우
014915,성문전자우
245450,씨앤에스링크
001525,동양우
008355,남선알미우
000227,유유제약2우B
021045,대호특수강우
448780,마이크로엔엑스
302920,더콘텐츠온
004545,깨끗한나라우
223220,로지스몬
002785,진흥기업우B
001527,동양2우B
011155,CJ씨푸드1우
266170,레드우즈
004415,서울식품우
140660,위월드
002787,진흥기업2우B
279060,이노벡스
032685,소프트센우
390110,애니메디솔루션
